CIDADE,DT_ACESSO,DT_PREVISAO,HORARIO,TEMPERATURA
São Paulo,2022-08-28,2022-08-28,00:00:00,20
São Paulo,2022-08-28,2022-08-28,01:00:00,20
São Paulo,2022-08-28,2022-08-28,02:00:00,19
São Paulo,2022-08-28,2022-08-28,03:00:00,18
São Paulo,2022-08-28,2022-08-28,04:00:00,18
São Paulo,2022-08-28,2022-08-28,05:00:00,18
São Paulo,2022-08-28,2022-08-28,06:00:00,17
São Paulo,2022-08-28,2022-08-28,07:00:00,18
São Paulo,2022-08-28,2022-08-28,08:00:00,20
São Paulo,2022-08-28,2022-08-28,09:00:00,23
São Paulo,2022-08-28,2022-08-28,10:00:00,24
São Paulo,2022-08-28,2022-08-28,11:00:00,26
São Paulo,2022-08-28,2022-08-28,12:00:00,27
São Paulo,2022-08-28,2022-08-28,13:00:00,27
São Paulo,2022-08-28,2022-08-28,14:00:00,28
São Paulo,2022-08-28,2022-08-28,15:00:00,27
São Paulo,2022-08-28,2022-08-28,16:00:00,25
São Paulo,2022-08-28,2022-08-28,17:00:00,22
São Paulo,2022-08-28,2022-08-28,18:00:00,19
São Paulo,2022-08-28,2022-08-28,19:00:00,17
São Paulo,2022-08-28,2022-08-28,20:00:00,15
São Paulo,2022-08-28,2022-08-28,21:00:00,14
São Paulo,2022-08-28,2022-08-28,22:00:00,14
São Paulo,2022-08-28,2022-08-28,23:00:00,13
São Paulo,2022-08-28,2022-08-29,00:00:00,13
São Paulo,2022-08-28,2022-08-29,01:00:00,13
São Paulo,2022-08-28,2022-08-29,02:00:00,12
São Paulo,2022-08-28,2022-08-29,03:00:00,12
São Paulo,2022-08-28,2022-08-29,04:00:00,12
São Paulo,2022-08-28,2022-08-29,05:00:00,12
São Paulo,2022-08-28,2022-08-29,06:00:00,11
São Paulo,2022-08-28,2022-08-29,07:00:00,11
São Paulo,2022-08-28,2022-08-29,08:00:00,11
São Paulo,2022-08-28,2022-08-29,09:00:00,11
São Paulo,2022-08-28,2022-08-29,10:00:00,11
São Paulo,2022-08-28,2022-08-29,11:00:00,11
São Paulo,2022-08-28,2022-08-29,12:00:00,11
São Paulo,2022-08-28,2022-08-29,13:00:00,11
São Paulo,2022-08-28,2022-08-29,14:00:00,11
São Paulo,2022-08-28,2022-08-29,15:00:00,11
São Paulo,2022-08-28,2022-08-29,16:00:00,11
São Paulo,2022-08-28,2022-08-29,17:00:00,10
São Paulo,2022-08-28,2022-08-29,18:00:00,10
São Paulo,2022-08-28,2022-08-29,19:00:00,10
São Paulo,2022-08-28,2022-08-29,20:00:00,10
São Paulo,2022-08-28,2022-08-29,21:00:00,9
São Paulo,2022-08-28,2022-08-29,22:00:00,9
São Paulo,2022-08-28,2022-08-29,23:00:00,10
São Paulo,2022-08-28,2022-08-30,00:00:00,10
São Paulo,2022-08-28,2022-08-30,01:00:00,11
São Paulo,2022-08-28,2022-08-30,02:00:00,12
São Paulo,2022-08-28,2022-08-30,03:00:00,13
São Paulo,2022-08-28,2022-08-30,04:00:00,13
São Paulo,2022-08-28,2022-08-30,05:00:00,12
São Paulo,2022-08-28,2022-08-30,06:00:00,12
São Paulo,2022-08-28,2022-08-30,07:00:00,12
São Paulo,2022-08-28,2022-08-30,08:00:00,12
São Paulo,2022-08-28,2022-08-30,09:00:00,12
São Paulo,2022-08-28,2022-08-30,10:00:00,13
São Paulo,2022-08-28,2022-08-30,11:00:00,14
São Paulo,2022-08-28,2022-08-30,12:00:00,15
São Paulo,2022-08-28,2022-08-30,13:00:00,16
São Paulo,2022-08-28,2022-08-30,14:00:00,16
São Paulo,2022-08-28,2022-08-30,15:00:00,16
São Paulo,2022-08-28,2022-08-30,16:00:00,15
São Paulo,2022-08-28,2022-08-30,17:00:00,14
São Paulo,2022-08-28,2022-08-30,18:00:00,14
São Paulo,2022-08-28,2022-08-30,19:00:00,14
São Paulo,2022-08-28,2022-08-30,20:00:00,14
São Paulo,2022-08-28,2022-08-30,21:00:00,10
São Paulo,2022-08-28,2022-08-30,22:00:00,10
São Paulo,2022-08-28,2022-08-30,23:00:00,10
Salvador,2022-08-28,2022-08-28,00:00:00,20
Salvador,2022-08-28,2022-08-28,01:00:00,20
Salvador,2022-08-28,2022-08-28,02:00:00,20
Salvador,2022-08-28,2022-08-28,03:00:00,20
Salvador,2022-08-28,2022-08-28,04:00:00,20
Salvador,2022-08-28,2022-08-28,05:00:00,20
Salvador,2022-08-28,2022-08-28,06:00:00,20
Salvador,2022-08-28,2022-08-28,07:00:00,23
Salvador,2022-08-28,2022-08-28,08:00:00,24
Salvador,2022-08-28,2022-08-28,09:00:00,26
Salvador,2022-08-28,2022-08-28,10:00:00,26
Salvador,2022-08-28,2022-08-28,11:00:00,27
Salvador,2022-08-28,2022-08-28,12:00:00,27
Salvador,2022-08-28,2022-08-28,13:00:00,27
Salvador,2022-08-28,2022-08-28,14:00:00,27
Salvador,2022-08-28,2022-08-28,15:00:00,26
Salvador,2022-08-28,2022-08-28,16:00:00,26
Salvador,2022-08-28,2022-08-28,17:00:00,24
Salvador,2022-08-28,2022-08-28,18:00:00,23
Salvador,2022-08-28,2022-08-28,19:00:00,22
Salvador,2022-08-28,2022-08-28,20:00:00,21
Salvador,2022-08-28,2022-08-28,21:00:00,22
Salvador,2022-08-28,2022-08-28,22:00:00,22
Salvador,2022-08-28,2022-08-28,23:00:00,21
Salvador,2022-08-28,2022-08-29,00:00:00,21
Salvador,2022-08-28,2022-08-29,01:00:00,21
Salvador,2022-08-28,2022-08-29,02:00:00,21
Salvador,2022-08-28,2022-08-29,03:00:00,20
Salvador,2022-08-28,2022-08-29,04:00:00,20
Salvador,2022-08-28,2022-08-29,05:00:00,20
Salvador,2022-08-28,2022-08-29,06:00:00,20
Salvador,2022-08-28,2022-08-29,07:00:00,23
Salvador,2022-08-28,2022-08-29,08:00:00,26
Salvador,2022-08-28,2022-08-29,09:00:00,27
Salvador,2022-08-28,2022-08-29,10:00:00,28
Salvador,2022-08-28,2022-08-29,11:00:00,28
Salvador,2022-08-28,2022-08-29,12:00:00,28
Salvador,2022-08-28,2022-08-29,13:00:00,28
Salvador,2022-08-28,2022-08-29,14:00:00,28
Salvador,2022-08-28,2022-08-29,15:00:00,28
Salvador,2022-08-28,2022-08-29,16:00:00,27
Salvador,2022-08-28,2022-08-29,17:00:00,26
Salvador,2022-08-28,2022-08-29,18:00:00,25
Salvador,2022-08-28,2022-08-29,19:00:00,24
Salvador,2022-08-28,2022-08-29,20:00:00,24
Salvador,2022-08-28,2022-08-29,21:00:00,23
Salvador,2022-08-28,2022-08-29,22:00:00,23
Salvador,2022-08-28,2022-08-29,23:00:00,22
Salvador,2022-08-28,2022-08-30,00:00:00,22
Salvador,2022-08-28,2022-08-30,01:00:00,22
Salvador,2022-08-28,2022-08-30,02:00:00,21
Salvador,2022-08-28,2022-08-30,03:00:00,21
Salvador,2022-08-28,2022-08-30,04:00:00,21
Salvador,2022-08-28,2022-08-30,05:00:00,21
Salvador,2022-08-28,2022-08-30,06:00:00,21
Salvador,2022-08-28,2022-08-30,07:00:00,23
Salvador,2022-08-28,2022-08-30,08:00:00,25
Salvador,2022-08-28,2022-08-30,09:00:00,25
Salvador,2022-08-28,2022-08-30,10:00:00,26
Salvador,2022-08-28,2022-08-30,11:00:00,26
Salvador,2022-08-28,2022-08-30,12:00:00,26
Salvador,2022-08-28,2022-08-30,13:00:00,26
Salvador,2022-08-28,2022-08-30,14:00:00,26
Salvador,2022-08-28,2022-08-30,15:00:00,26
Salvador,2022-08-28,2022-08-30,16:00:00,25
Salvador,2022-08-28,2022-08-30,17:00:00,24
Salvador,2022-08-28,2022-08-30,18:00:00,23
Salvador,2022-08-28,2022-08-30,19:00:00,22
Salvador,2022-08-28,2022-08-30,20:00:00,22
Salvador,2022-08-28,2022-08-30,21:00:00,22
Salvador,2022-08-28,2022-08-30,22:00:00,22
Salvador,2022-08-28,2022-08-30,23:00:00,22
São Paulo,2022-08-29,2022-08-29,00:00:00,13
São Paulo,2022-08-29,2022-08-29,01:00:00,13
São Paulo,2022-08-29,2022-08-29,02:00:00,12
São Paulo,2022-08-29,2022-08-29,03:00:00,12
São Paulo,2022-08-29,2022-08-29,04:00:00,12
São Paulo,2022-08-29,2022-08-29,05:00:00,12
São Paulo,2022-08-29,2022-08-29,06:00:00,11
São Paulo,2022-08-29,2022-08-29,07:00:00,11
São Paulo,2022-08-29,2022-08-29,08:00:00,11
São Paulo,2022-08-29,2022-08-29,09:00:00,11
São Paulo,2022-08-29,2022-08-29,10:00:00,11
São Paulo,2022-08-29,2022-08-29,11:00:00,11
São Paulo,2022-08-29,2022-08-29,12:00:00,11
São Paulo,2022-08-29,2022-08-29,13:00:00,11
São Paulo,2022-08-29,2022-08-29,14:00:00,11
São Paulo,2022-08-29,2022-08-29,15:00:00,11
São Paulo,2022-08-29,2022-08-29,16:00:00,11
São Paulo,2022-08-29,2022-08-29,17:00:00,10
São Paulo,2022-08-29,2022-08-29,18:00:00,10
São Paulo,2022-08-29,2022-08-29,19:00:00,10
São Paulo,2022-08-29,2022-08-29,20:00:00,10
São Paulo,2022-08-29,2022-08-29,21:00:00,9
São Paulo,2022-08-29,2022-08-29,22:00:00,9
São Paulo,2022-08-29,2022-08-29,23:00:00,10
São Paulo,2022-08-29,2022-08-30,00:00:00,10
São Paulo,2022-08-29,2022-08-30,01:00:00,11
São Paulo,2022-08-29,2022-08-30,02:00:00,12
São Paulo,2022-08-29,2022-08-30,03:00:00,13
São Paulo,2022-08-29,2022-08-30,04:00:00,13
São Paulo,2022-08-29,2022-08-30,05:00:00,12
São Paulo,2022-08-29,2022-08-30,06:00:00,12
São Paulo,2022-08-29,2022-08-30,07:00:00,12
São Paulo,2022-08-29,2022-08-30,08:00:00,12
São Paulo,2022-08-29,2022-08-30,09:00:00,12
São Paulo,2022-08-29,2022-08-30,10:00:00,13
São Paulo,2022-08-29,2022-08-30,11:00:00,14
São Paulo,2022-08-29,2022-08-30,12:00:00,15
São Paulo,2022-08-29,2022-08-30,13:00:00,16
São Paulo,2022-08-29,2022-08-30,14:00:00,16
São Paulo,2022-08-29,2022-08-30,15:00:00,16
São Paulo,2022-08-29,2022-08-30,16:00:00,15
São Paulo,2022-08-29,2022-08-30,17:00:00,14
São Paulo,2022-08-29,2022-08-30,18:00:00,14
São Paulo,2022-08-29,2022-08-30,19:00:00,14
São Paulo,2022-08-29,2022-08-30,20:00:00,14
São Paulo,2022-08-29,2022-08-30,21:00:00,11
São Paulo,2022-08-29,2022-08-30,22:00:00,11
São Paulo,2022-08-29,2022-08-30,23:00:00,11
São Paulo,2022-08-29,2022-08-31,00:00:00,10
São Paulo,2022-08-29,2022-08-31,01:00:00,10
São Paulo,2022-08-29,2022-08-31,02:00:00,10
São Paulo,2022-08-29,2022-08-31,03:00:00,10
São Paulo,2022-08-29,2022-08-31,04:00:00,10
São Paulo,2022-08-29,2022-08-31,05:00:00,10
São Paulo,2022-08-29,2022-08-31,06:00:00,10
São Paulo,2022-08-29,2022-08-31,07:00:00,9
São Paulo,2022-08-29,2022-08-31,08:00:00,10
São Paulo,2022-08-29,2022-08-31,09:00:00,12
São Paulo,2022-08-29,2022-08-31,10:00:00,14
São Paulo,2022-08-29,2022-08-31,11:00:00,16
São Paulo,2022-08-29,2022-08-31,12:00:00,19
São Paulo,2022-08-29,2022-08-31,13:00:00,21
São Paulo,2022-08-29,2022-08-31,14:00:00,22
São Paulo,2022-08-29,2022-08-31,15:00:00,22
São Paulo,2022-08-29,2022-08-31,16:00:00,21
São Paulo,2022-08-29,2022-08-31,17:00:00,19
São Paulo,2022-08-29,2022-08-31,18:00:00,17
São Paulo,2022-08-29,2022-08-31,19:00:00,16
São Paulo,2022-08-29,2022-08-31,20:00:00,15
São Paulo,2022-08-29,2022-08-31,21:00:00,11
São Paulo,2022-08-29,2022-08-31,22:00:00,10
São Paulo,2022-08-29,2022-08-31,23:00:00,10
Salvador,2022-08-29,2022-08-29,00:00:00,21
Salvador,2022-08-29,2022-08-29,01:00:00,21
Salvador,2022-08-29,2022-08-29,02:00:00,21
Salvador,2022-08-29,2022-08-29,03:00:00,20
Salvador,2022-08-29,2022-08-29,04:00:00,20
Salvador,2022-08-29,2022-08-29,05:00:00,20
Salvador,2022-08-29,2022-08-29,06:00:00,20
Salvador,2022-08-29,2022-08-29,07:00:00,23
Salvador,2022-08-29,2022-08-29,08:00:00,26
Salvador,2022-08-29,2022-08-29,09:00:00,27
Salvador,2022-08-29,2022-08-29,10:00:00,28
Salvador,2022-08-29,2022-08-29,11:00:00,28
Salvador,2022-08-29,2022-08-29,12:00:00,28
Salvador,2022-08-29,2022-08-29,13:00:00,28
Salvador,2022-08-29,2022-08-29,14:00:00,28
Salvador,2022-08-29,2022-08-29,15:00:00,28
Salvador,2022-08-29,2022-08-29,16:00:00,27
Salvador,2022-08-29,2022-08-29,17:00:00,26
Salvador,2022-08-29,2022-08-29,18:00:00,25
Salvador,2022-08-29,2022-08-29,19:00:00,24
Salvador,2022-08-29,2022-08-29,20:00:00,24
Salvador,2022-08-29,2022-08-29,21:00:00,23
Salvador,2022-08-29,2022-08-29,22:00:00,23
Salvador,2022-08-29,2022-08-29,23:00:00,22
Salvador,2022-08-29,2022-08-30,00:00:00,22
Salvador,2022-08-29,2022-08-30,01:00:00,22
Salvador,2022-08-29,2022-08-30,02:00:00,21
Salvador,2022-08-29,2022-08-30,03:00:00,21
Salvador,2022-08-29,2022-08-30,04:00:00,21
Salvador,2022-08-29,2022-08-30,05:00:00,21
Salvador,2022-08-29,2022-08-30,06:00:00,21
Salvador,2022-08-29,2022-08-30,07:00:00,23
Salvador,2022-08-29,2022-08-30,08:00:00,25
Salvador,2022-08-29,2022-08-30,09:00:00,25
Salvador,2022-08-29,2022-08-30,10:00:00,26
Salvador,2022-08-29,2022-08-30,11:00:00,26
Salvador,2022-08-29,2022-08-30,12:00:00,26
Salvador,2022-08-29,2022-08-30,13:00:00,26
Salvador,2022-08-29,2022-08-30,14:00:00,26
Salvador,2022-08-29,2022-08-30,15:00:00,26
Salvador,2022-08-29,2022-08-30,16:00:00,25
Salvador,2022-08-29,2022-08-30,17:00:00,24
Salvador,2022-08-29,2022-08-30,18:00:00,23
Salvador,2022-08-29,2022-08-30,19:00:00,22
Salvador,2022-08-29,2022-08-30,20:00:00,22
Salvador,2022-08-29,2022-08-30,21:00:00,22
Salvador,2022-08-29,2022-08-30,22:00:00,22
Salvador,2022-08-29,2022-08-30,23:00:00,22
Salvador,2022-08-29,2022-08-31,00:00:00,21
Salvador,2022-08-29,2022-08-31,01:00:00,21
Salvador,2022-08-29,2022-08-31,02:00:00,20
Salvador,2022-08-29,2022-08-31,03:00:00,21
Salvador,2022-08-29,2022-08-31,04:00:00,21
Salvador,2022-08-29,2022-08-31,05:00:00,21
Salvador,2022-08-29,2022-08-31,06:00:00,21
Salvador,2022-08-29,2022-08-31,07:00:00,22
Salvador,2022-08-29,2022-08-31,08:00:00,22
Salvador,2022-08-29,2022-08-31,09:00:00,22
Salvador,2022-08-29,2022-08-31,10:00:00,22
Salvador,2022-08-29,2022-08-31,11:00:00,22
Salvador,2022-08-29,2022-08-31,12:00:00,23
Salvador,2022-08-29,2022-08-31,13:00:00,23
Salvador,2022-08-29,2022-08-31,14:00:00,25
Salvador,2022-08-29,2022-08-31,15:00:00,23
Salvador,2022-08-29,2022-08-31,16:00:00,23
Salvador,2022-08-29,2022-08-31,17:00:00,22
Salvador,2022-08-29,2022-08-31,18:00:00,22
Salvador,2022-08-29,2022-08-31,19:00:00,22
Salvador,2022-08-29,2022-08-31,20:00:00,22
Salvador,2022-08-29,2022-08-31,21:00:00,23
Salvador,2022-08-29,2022-08-31,22:00:00,24
Salvador,2022-08-29,2022-08-31,23:00:00,23
São Paulo,2022-08-30,2022-08-30,00:00:00,11
São Paulo,2022-08-30,2022-08-30,01:00:00,12
São Paulo,2022-08-30,2022-08-30,02:00:00,13
São Paulo,2022-08-30,2022-08-30,03:00:00,13
São Paulo,2022-08-30,2022-08-30,04:00:00,13
São Paulo,2022-08-30,2022-08-30,05:00:00,13
São Paulo,2022-08-30,2022-08-30,06:00:00,13
São Paulo,2022-08-30,2022-08-30,07:00:00,12
São Paulo,2022-08-30,2022-08-30,08:00:00,13
São Paulo,2022-08-30,2022-08-30,09:00:00,13
São Paulo,2022-08-30,2022-08-30,10:00:00,14
São Paulo,2022-08-30,2022-08-30,11:00:00,14
São Paulo,2022-08-30,2022-08-30,12:00:00,15
São Paulo,2022-08-30,2022-08-30,13:00:00,16
São Paulo,2022-08-30,2022-08-30,14:00:00,16
São Paulo,2022-08-30,2022-08-30,15:00:00,16
São Paulo,2022-08-30,2022-08-30,16:00:00,15
São Paulo,2022-08-30,2022-08-30,17:00:00,15
São Paulo,2022-08-30,2022-08-30,18:00:00,14
São Paulo,2022-08-30,2022-08-30,19:00:00,14
São Paulo,2022-08-30,2022-08-30,20:00:00,14
São Paulo,2022-08-30,2022-08-30,21:00:00,13
São Paulo,2022-08-30,2022-08-30,22:00:00,12
São Paulo,2022-08-30,2022-08-30,23:00:00,12
São Paulo,2022-08-30,2022-08-31,00:00:00,11
São Paulo,2022-08-30,2022-08-31,01:00:00,11
São Paulo,2022-08-30,2022-08-31,02:00:00,11
São Paulo,2022-08-30,2022-08-31,03:00:00,11
São Paulo,2022-08-30,2022-08-31,04:00:00,10
São Paulo,2022-08-30,2022-08-31,05:00:00,10
São Paulo,2022-08-30,2022-08-31,06:00:00,10
São Paulo,2022-08-30,2022-08-31,07:00:00,10
São Paulo,2022-08-30,2022-08-31,08:00:00,11
São Paulo,2022-08-30,2022-08-31,09:00:00,12
São Paulo,2022-08-30,2022-08-31,10:00:00,15
São Paulo,2022-08-30,2022-08-31,11:00:00,17
São Paulo,2022-08-30,2022-08-31,12:00:00,19
São Paulo,2022-08-30,2022-08-31,13:00:00,21
São Paulo,2022-08-30,2022-08-31,14:00:00,22
São Paulo,2022-08-30,2022-08-31,15:00:00,22
São Paulo,2022-08-30,2022-08-31,16:00:00,22
São Paulo,2022-08-30,2022-08-31,17:00:00,21
São Paulo,2022-08-30,2022-08-31,18:00:00,19
São Paulo,2022-08-30,2022-08-31,19:00:00,17
São Paulo,2022-08-30,2022-08-31,20:00:00,16
São Paulo,2022-08-30,2022-08-31,21:00:00,13
São Paulo,2022-08-30,2022-08-31,22:00:00,12
São Paulo,2022-08-30,2022-08-31,23:00:00,11
São Paulo,2022-08-30,2022-09-01,00:00:00,11
São Paulo,2022-08-30,2022-09-01,01:00:00,10
São Paulo,2022-08-30,2022-09-01,02:00:00,10
São Paulo,2022-08-30,2022-09-01,03:00:00,10
São Paulo,2022-08-30,2022-09-01,04:00:00,10
São Paulo,2022-08-30,2022-09-01,05:00:00,9
São Paulo,2022-08-30,2022-09-01,06:00:00,9
São Paulo,2022-08-30,2022-09-01,07:00:00,9
São Paulo,2022-08-30,2022-09-01,08:00:00,11
São Paulo,2022-08-30,2022-09-01,09:00:00,14
São Paulo,2022-08-30,2022-09-01,10:00:00,17
São Paulo,2022-08-30,2022-09-01,11:00:00,19
São Paulo,2022-08-30,2022-09-01,12:00:00,21
São Paulo,2022-08-30,2022-09-01,13:00:00,23
São Paulo,2022-08-30,2022-09-01,14:00:00,24
São Paulo,2022-08-30,2022-09-01,15:00:00,25
São Paulo,2022-08-30,2022-09-01,16:00:00,25
São Paulo,2022-08-30,2022-09-01,17:00:00,24
São Paulo,2022-08-30,2022-09-01,18:00:00,23
São Paulo,2022-08-30,2022-09-01,19:00:00,21
São Paulo,2022-08-30,2022-09-01,20:00:00,19
São Paulo,2022-08-30,2022-09-01,21:00:00,17
São Paulo,2022-08-30,2022-09-01,22:00:00,16
São Paulo,2022-08-30,2022-09-01,23:00:00,14
Salvador,2022-08-30,2022-08-30,00:00:00,22
Salvador,2022-08-30,2022-08-30,01:00:00,22
Salvador,2022-08-30,2022-08-30,02:00:00,21
Salvador,2022-08-30,2022-08-30,03:00:00,21
Salvador,2022-08-30,2022-08-30,04:00:00,21
Salvador,2022-08-30,2022-08-30,05:00:00,21
Salvador,2022-08-30,2022-08-30,06:00:00,21
Salvador,2022-08-30,2022-08-30,07:00:00,23
Salvador,2022-08-30,2022-08-30,08:00:00,25
Salvador,2022-08-30,2022-08-30,09:00:00,25
Salvador,2022-08-30,2022-08-30,10:00:00,26
Salvador,2022-08-30,2022-08-30,11:00:00,26
Salvador,2022-08-30,2022-08-30,12:00:00,26
Salvador,2022-08-30,2022-08-30,13:00:00,26
Salvador,2022-08-30,2022-08-30,14:00:00,26
Salvador,2022-08-30,2022-08-30,15:00:00,26
Salvador,2022-08-30,2022-08-30,16:00:00,25
Salvador,2022-08-30,2022-08-30,17:00:00,24
Salvador,2022-08-30,2022-08-30,18:00:00,23
Salvador,2022-08-30,2022-08-30,19:00:00,22
Salvador,2022-08-30,2022-08-30,20:00:00,22
Salvador,2022-08-30,2022-08-30,21:00:00,22
Salvador,2022-08-30,2022-08-30,22:00:00,22
Salvador,2022-08-30,2022-08-30,23:00:00,22
Salvador,2022-08-30,2022-08-31,00:00:00,22
Salvador,2022-08-30,2022-08-31,01:00:00,21
Salvador,2022-08-30,2022-08-31,02:00:00,21
Salvador,2022-08-30,2022-08-31,03:00:00,21
Salvador,2022-08-30,2022-08-31,04:00:00,21
Salvador,2022-08-30,2022-08-31,05:00:00,21
Salvador,2022-08-30,2022-08-31,06:00:00,21
Salvador,2022-08-30,2022-08-31,07:00:00,22
Salvador,2022-08-30,2022-08-31,08:00:00,23
Salvador,2022-08-30,2022-08-31,09:00:00,23
Salvador,2022-08-30,2022-08-31,10:00:00,23
Salvador,2022-08-30,2022-08-31,11:00:00,24
Salvador,2022-08-30,2022-08-31,12:00:00,24
Salvador,2022-08-30,2022-08-31,13:00:00,24
Salvador,2022-08-30,2022-08-31,14:00:00,24
Salvador,2022-08-30,2022-08-31,15:00:00,24
Salvador,2022-08-30,2022-08-31,16:00:00,23
Salvador,2022-08-30,2022-08-31,17:00:00,23
Salvador,2022-08-30,2022-08-31,18:00:00,22
Salvador,2022-08-30,2022-08-31,19:00:00,22
Salvador,2022-08-30,2022-08-31,20:00:00,23
Salvador,2022-08-30,2022-08-31,21:00:00,21
Salvador,2022-08-30,2022-08-31,22:00:00,21
Salvador,2022-08-30,2022-08-31,23:00:00,21
Salvador,2022-08-30,2022-09-01,00:00:00,21
Salvador,2022-08-30,2022-09-01,01:00:00,21
Salvador,2022-08-30,2022-09-01,02:00:00,21
Salvador,2022-08-30,2022-09-01,03:00:00,21
Salvador,2022-08-30,2022-09-01,04:00:00,21
Salvador,2022-08-30,2022-09-01,05:00:00,21
Salvador,2022-08-30,2022-09-01,06:00:00,21
Salvador,2022-08-30,2022-09-01,07:00:00,21
Salvador,2022-08-30,2022-09-01,08:00:00,22
Salvador,2022-08-30,2022-09-01,09:00:00,23
Salvador,2022-08-30,2022-09-01,10:00:00,23
Salvador,2022-08-30,2022-09-01,11:00:00,23
Salvador,2022-08-30,2022-09-01,12:00:00,24
Salvador,2022-08-30,2022-09-01,13:00:00,24
Salvador,2022-08-30,2022-09-01,14:00:00,24
Salvador,2022-08-30,2022-09-01,15:00:00,23
Salvador,2022-08-30,2022-09-01,16:00:00,23
Salvador,2022-08-30,2022-09-01,17:00:00,22
Salvador,2022-08-30,2022-09-01,18:00:00,21
Salvador,2022-08-30,2022-09-01,19:00:00,21
Salvador,2022-08-30,2022-09-01,20:00:00,21
Salvador,2022-08-30,2022-09-01,21:00:00,22
Salvador,2022-08-30,2022-09-01,22:00:00,22
Salvador,2022-08-30,2022-09-01,23:00:00,22
São Paulo,2022-08-31,2022-08-31,00:00:00,11
São Paulo,2022-08-31,2022-08-31,01:00:00,11
São Paulo,2022-08-31,2022-08-31,02:00:00,11
São Paulo,2022-08-31,2022-08-31,03:00:00,11
São Paulo,2022-08-31,2022-08-31,04:00:00,10
São Paulo,2022-08-31,2022-08-31,05:00:00,10
São Paulo,2022-08-31,2022-08-31,06:00:00,10
São Paulo,2022-08-31,2022-08-31,07:00:00,10
São Paulo,2022-08-31,2022-08-31,08:00:00,11
São Paulo,2022-08-31,2022-08-31,09:00:00,12
São Paulo,2022-08-31,2022-08-31,10:00:00,15
São Paulo,2022-08-31,2022-08-31,11:00:00,17
São Paulo,2022-08-31,2022-08-31,12:00:00,19
São Paulo,2022-08-31,2022-08-31,13:00:00,21
São Paulo,2022-08-31,2022-08-31,14:00:00,22
São Paulo,2022-08-31,2022-08-31,15:00:00,22
São Paulo,2022-08-31,2022-08-31,16:00:00,22
São Paulo,2022-08-31,2022-08-31,17:00:00,21
São Paulo,2022-08-31,2022-08-31,18:00:00,19
São Paulo,2022-08-31,2022-08-31,19:00:00,17
São Paulo,2022-08-31,2022-08-31,20:00:00,16
São Paulo,2022-08-31,2022-08-31,21:00:00,13
São Paulo,2022-08-31,2022-08-31,22:00:00,12
São Paulo,2022-08-31,2022-08-31,23:00:00,11
São Paulo,2022-08-31,2022-09-01,00:00:00,11
São Paulo,2022-08-31,2022-09-01,01:00:00,10
São Paulo,2022-08-31,2022-09-01,02:00:00,10
São Paulo,2022-08-31,2022-09-01,03:00:00,10
São Paulo,2022-08-31,2022-09-01,04:00:00,10
São Paulo,2022-08-31,2022-09-01,05:00:00,9
São Paulo,2022-08-31,2022-09-01,06:00:00,9
São Paulo,2022-08-31,2022-09-01,07:00:00,9
São Paulo,2022-08-31,2022-09-01,08:00:00,11
São Paulo,2022-08-31,2022-09-01,09:00:00,14
São Paulo,2022-08-31,2022-09-01,10:00:00,17
São Paulo,2022-08-31,2022-09-01,11:00:00,19
São Paulo,2022-08-31,2022-09-01,12:00:00,21
São Paulo,2022-08-31,2022-09-01,13:00:00,23
São Paulo,2022-08-31,2022-09-01,14:00:00,24
São Paulo,2022-08-31,2022-09-01,15:00:00,25
São Paulo,2022-08-31,2022-09-01,16:00:00,25
São Paulo,2022-08-31,2022-09-01,17:00:00,24
São Paulo,2022-08-31,2022-09-01,18:00:00,23
São Paulo,2022-08-31,2022-09-01,19:00:00,21
São Paulo,2022-08-31,2022-09-01,20:00:00,19
São Paulo,2022-08-31,2022-09-01,21:00:00,17
São Paulo,2022-08-31,2022-09-01,22:00:00,16
São Paulo,2022-08-31,2022-09-01,23:00:00,14
São Paulo,2022-08-31,2022-09-02,00:00:00,14
São Paulo,2022-08-31,2022-09-02,01:00:00,13
São Paulo,2022-08-31,2022-09-02,02:00:00,13
São Paulo,2022-08-31,2022-09-02,03:00:00,12
São Paulo,2022-08-31,2022-09-02,04:00:00,12
São Paulo,2022-08-31,2022-09-02,05:00:00,11
São Paulo,2022-08-31,2022-09-02,06:00:00,11
São Paulo,2022-08-31,2022-09-02,07:00:00,11
São Paulo,2022-08-31,2022-09-02,08:00:00,13
São Paulo,2022-08-31,2022-09-02,09:00:00,17
São Paulo,2022-08-31,2022-09-02,10:00:00,21
São Paulo,2022-08-31,2022-09-02,11:00:00,24
São Paulo,2022-08-31,2022-09-02,12:00:00,25
São Paulo,2022-08-31,2022-09-02,13:00:00,27
São Paulo,2022-08-31,2022-09-02,14:00:00,28
São Paulo,2022-08-31,2022-09-02,15:00:00,29
São Paulo,2022-08-31,2022-09-02,16:00:00,29
São Paulo,2022-08-31,2022-09-02,17:00:00,29
São Paulo,2022-08-31,2022-09-02,18:00:00,27
São Paulo,2022-08-31,2022-09-02,19:00:00,25
São Paulo,2022-08-31,2022-09-02,20:00:00,24
São Paulo,2022-08-31,2022-09-02,21:00:00,18
São Paulo,2022-08-31,2022-09-02,22:00:00,17
São Paulo,2022-08-31,2022-09-02,23:00:00,16
Salvador,2022-08-31,2022-08-31,00:00:00,20
Salvador,2022-08-31,2022-08-31,01:00:00,20
Salvador,2022-08-31,2022-08-31,02:00:00,19
Salvador,2022-08-31,2022-08-31,03:00:00,19
Salvador,2022-08-31,2022-08-31,04:00:00,19
Salvador,2022-08-31,2022-08-31,05:00:00,19
Salvador,2022-08-31,2022-08-31,06:00:00,19
Salvador,2022-08-31,2022-08-31,07:00:00,21
Salvador,2022-08-31,2022-08-31,08:00:00,22
Salvador,2022-08-31,2022-08-31,09:00:00,23
Salvador,2022-08-31,2022-08-31,10:00:00,23
Salvador,2022-08-31,2022-08-31,11:00:00,23
Salvador,2022-08-31,2022-08-31,12:00:00,23
Salvador,2022-08-31,2022-08-31,13:00:00,24
Salvador,2022-08-31,2022-08-31,14:00:00,24
Salvador,2022-08-31,2022-08-31,15:00:00,24
Salvador,2022-08-31,2022-08-31,16:00:00,23
Salvador,2022-08-31,2022-08-31,17:00:00,22
Salvador,2022-08-31,2022-08-31,18:00:00,21
Salvador,2022-08-31,2022-08-31,19:00:00,21
Salvador,2022-08-31,2022-08-31,20:00:00,22
Salvador,2022-08-31,2022-08-31,21:00:00,21
Salvador,2022-08-31,2022-08-31,22:00:00,20
Salvador,2022-08-31,2022-08-31,23:00:00,20
Salvador,2022-08-31,2022-09-01,00:00:00,20
Salvador,2022-08-31,2022-09-01,01:00:00,20
Salvador,2022-08-31,2022-09-01,02:00:00,20
Salvador,2022-08-31,2022-09-01,03:00:00,20
Salvador,2022-08-31,2022-09-01,04:00:00,20
Salvador,2022-08-31,2022-09-01,05:00:00,20
Salvador,2022-08-31,2022-09-01,06:00:00,20
Salvador,2022-08-31,2022-09-01,07:00:00,20
Salvador,2022-08-31,2022-09-01,08:00:00,21
Salvador,2022-08-31,2022-09-01,09:00:00,22
Salvador,2022-08-31,2022-09-01,10:00:00,23
Salvador,2022-08-31,2022-09-01,11:00:00,23
Salvador,2022-08-31,2022-09-01,12:00:00,24
Salvador,2022-08-31,2022-09-01,13:00:00,24
Salvador,2022-08-31,2022-09-01,14:00:00,24
Salvador,2022-08-31,2022-09-01,15:00:00,23
Salvador,2022-08-31,2022-09-01,16:00:00,22
Salvador,2022-08-31,2022-09-01,17:00:00,21
Salvador,2022-08-31,2022-09-01,18:00:00,21
Salvador,2022-08-31,2022-09-01,19:00:00,20
Salvador,2022-08-31,2022-09-01,20:00:00,20
Salvador,2022-08-31,2022-09-01,21:00:00,22
Salvador,2022-08-31,2022-09-01,22:00:00,22
Salvador,2022-08-31,2022-09-01,23:00:00,22
Salvador,2022-08-31,2022-09-02,00:00:00,22
Salvador,2022-08-31,2022-09-02,01:00:00,21
Salvador,2022-08-31,2022-09-02,02:00:00,21
Salvador,2022-08-31,2022-09-02,03:00:00,21
Salvador,2022-08-31,2022-09-02,04:00:00,21
Salvador,2022-08-31,2022-09-02,05:00:00,21
Salvador,2022-08-31,2022-09-02,06:00:00,21
Salvador,2022-08-31,2022-09-02,07:00:00,22
Salvador,2022-08-31,2022-09-02,08:00:00,22
Salvador,2022-08-31,2022-09-02,09:00:00,23
Salvador,2022-08-31,2022-09-02,10:00:00,23
Salvador,2022-08-31,2022-09-02,11:00:00,23
Salvador,2022-08-31,2022-09-02,12:00:00,24
Salvador,2022-08-31,2022-09-02,13:00:00,24
Salvador,2022-08-31,2022-09-02,14:00:00,24
Salvador,2022-08-31,2022-09-02,15:00:00,24
Salvador,2022-08-31,2022-09-02,16:00:00,24
Salvador,2022-08-31,2022-09-02,17:00:00,23
Salvador,2022-08-31,2022-09-02,18:00:00,23
Salvador,2022-08-31,2022-09-02,19:00:00,23
Salvador,2022-08-31,2022-09-02,20:00:00,22
Salvador,2022-08-31,2022-09-02,21:00:00,22
Salvador,2022-08-31,2022-09-02,22:00:00,21
Salvador,2022-08-31,2022-09-02,23:00:00,21
São Paulo,2022-09-01,2022-09-01,00:00:00,12
São Paulo,2022-09-01,2022-09-01,01:00:00,11
São Paulo,2022-09-01,2022-09-01,02:00:00,11
São Paulo,2022-09-01,2022-09-01,03:00:00,11
São Paulo,2022-09-01,2022-09-01,04:00:00,11
São Paulo,2022-09-01,2022-09-01,05:00:00,10
São Paulo,2022-09-01,2022-09-01,06:00:00,10
São Paulo,2022-09-01,2022-09-01,07:00:00,10
São Paulo,2022-09-01,2022-09-01,08:00:00,12
São Paulo,2022-09-01,2022-09-01,09:00:00,15
São Paulo,2022-09-01,2022-09-01,10:00:00,18
São Paulo,2022-09-01,2022-09-01,11:00:00,20
São Paulo,2022-09-01,2022-09-01,12:00:00,21
São Paulo,2022-09-01,2022-09-01,13:00:00,23
São Paulo,2022-09-01,2022-09-01,14:00:00,24
São Paulo,2022-09-01,2022-09-01,15:00:00,25
São Paulo,2022-09-01,2022-09-01,16:00:00,25
São Paulo,2022-09-01,2022-09-01,17:00:00,24
São Paulo,2022-09-01,2022-09-01,18:00:00,23
São Paulo,2022-09-01,2022-09-01,19:00:00,21
São Paulo,2022-09-01,2022-09-01,20:00:00,20
São Paulo,2022-09-01,2022-09-01,21:00:00,17
São Paulo,2022-09-01,2022-09-01,22:00:00,16
São Paulo,2022-09-01,2022-09-01,23:00:00,16
São Paulo,2022-09-01,2022-09-02,00:00:00,15
São Paulo,2022-09-01,2022-09-02,01:00:00,15
São Paulo,2022-09-01,2022-09-02,02:00:00,14
São Paulo,2022-09-01,2022-09-02,03:00:00,13
São Paulo,2022-09-01,2022-09-02,04:00:00,13
São Paulo,2022-09-01,2022-09-02,05:00:00,12
São Paulo,2022-09-01,2022-09-02,06:00:00,11
São Paulo,2022-09-01,2022-09-02,07:00:00,11
São Paulo,2022-09-01,2022-09-02,08:00:00,13
São Paulo,2022-09-01,2022-09-02,09:00:00,17
São Paulo,2022-09-01,2022-09-02,10:00:00,20
São Paulo,2022-09-01,2022-09-02,11:00:00,23
São Paulo,2022-09-01,2022-09-02,12:00:00,25
São Paulo,2022-09-01,2022-09-02,13:00:00,27
São Paulo,2022-09-01,2022-09-02,14:00:00,28
São Paulo,2022-09-01,2022-09-02,15:00:00,29
São Paulo,2022-09-01,2022-09-02,16:00:00,29
São Paulo,2022-09-01,2022-09-02,17:00:00,28
São Paulo,2022-09-01,2022-09-02,18:00:00,27
São Paulo,2022-09-01,2022-09-02,19:00:00,26
São Paulo,2022-09-01,2022-09-02,20:00:00,24
São Paulo,2022-09-01,2022-09-02,21:00:00,24
São Paulo,2022-09-01,2022-09-02,22:00:00,23
São Paulo,2022-09-01,2022-09-02,23:00:00,22
São Paulo,2022-09-01,2022-09-03,00:00:00,21
São Paulo,2022-09-01,2022-09-03,01:00:00,20
São Paulo,2022-09-01,2022-09-03,02:00:00,20
São Paulo,2022-09-01,2022-09-03,03:00:00,19
São Paulo,2022-09-01,2022-09-03,04:00:00,19
São Paulo,2022-09-01,2022-09-03,05:00:00,19
São Paulo,2022-09-01,2022-09-03,06:00:00,18
São Paulo,2022-09-01,2022-09-03,07:00:00,18
São Paulo,2022-09-01,2022-09-03,08:00:00,20
São Paulo,2022-09-01,2022-09-03,09:00:00,22
São Paulo,2022-09-01,2022-09-03,10:00:00,24
São Paulo,2022-09-01,2022-09-03,11:00:00,25
São Paulo,2022-09-01,2022-09-03,12:00:00,26
São Paulo,2022-09-01,2022-09-03,13:00:00,26
São Paulo,2022-09-01,2022-09-03,14:00:00,26
São Paulo,2022-09-01,2022-09-03,15:00:00,24
São Paulo,2022-09-01,2022-09-03,16:00:00,21
São Paulo,2022-09-01,2022-09-03,17:00:00,18
São Paulo,2022-09-01,2022-09-03,18:00:00,17
São Paulo,2022-09-01,2022-09-03,19:00:00,16
São Paulo,2022-09-01,2022-09-03,20:00:00,15
São Paulo,2022-09-01,2022-09-03,21:00:00,17
São Paulo,2022-09-01,2022-09-03,22:00:00,16
São Paulo,2022-09-01,2022-09-03,23:00:00,16
Salvador,2022-09-01,2022-09-01,00:00:00,21
Salvador,2022-09-01,2022-09-01,01:00:00,21
Salvador,2022-09-01,2022-09-01,02:00:00,21
Salvador,2022-09-01,2022-09-01,03:00:00,21
Salvador,2022-09-01,2022-09-01,04:00:00,21
Salvador,2022-09-01,2022-09-01,05:00:00,21
Salvador,2022-09-01,2022-09-01,06:00:00,21
Salvador,2022-09-01,2022-09-01,07:00:00,21
Salvador,2022-09-01,2022-09-01,08:00:00,22
Salvador,2022-09-01,2022-09-01,09:00:00,23
Salvador,2022-09-01,2022-09-01,10:00:00,23
Salvador,2022-09-01,2022-09-01,11:00:00,23
Salvador,2022-09-01,2022-09-01,12:00:00,24
Salvador,2022-09-01,2022-09-01,13:00:00,24
Salvador,2022-09-01,2022-09-01,14:00:00,24
Salvador,2022-09-01,2022-09-01,15:00:00,23
Salvador,2022-09-01,2022-09-01,16:00:00,23
Salvador,2022-09-01,2022-09-01,17:00:00,22
Salvador,2022-09-01,2022-09-01,18:00:00,21
Salvador,2022-09-01,2022-09-01,19:00:00,21
Salvador,2022-09-01,2022-09-01,20:00:00,21
Salvador,2022-09-01,2022-09-01,21:00:00,23
Salvador,2022-09-01,2022-09-01,22:00:00,23
Salvador,2022-09-01,2022-09-01,23:00:00,23
Salvador,2022-09-01,2022-09-02,00:00:00,23
Salvador,2022-09-01,2022-09-02,01:00:00,23
Salvador,2022-09-01,2022-09-02,02:00:00,23
Salvador,2022-09-01,2022-09-02,03:00:00,23
Salvador,2022-09-01,2022-09-02,04:00:00,23
Salvador,2022-09-01,2022-09-02,05:00:00,23
Salvador,2022-09-01,2022-09-02,06:00:00,23
Salvador,2022-09-01,2022-09-02,07:00:00,23
Salvador,2022-09-01,2022-09-02,08:00:00,23
Salvador,2022-09-01,2022-09-02,09:00:00,24
Salvador,2022-09-01,2022-09-02,10:00:00,24
Salvador,2022-09-01,2022-09-02,11:00:00,24
Salvador,2022-09-01,2022-09-02,12:00:00,24
Salvador,2022-09-01,2022-09-02,13:00:00,24
Salvador,2022-09-01,2022-09-02,14:00:00,24
Salvador,2022-09-01,2022-09-02,15:00:00,24
Salvador,2022-09-01,2022-09-02,16:00:00,24
Salvador,2022-09-01,2022-09-02,17:00:00,24
Salvador,2022-09-01,2022-09-02,18:00:00,24
Salvador,2022-09-01,2022-09-02,19:00:00,24
Salvador,2022-09-01,2022-09-02,20:00:00,23
Salvador,2022-09-01,2022-09-02,21:00:00,23
Salvador,2022-09-01,2022-09-02,22:00:00,23
Salvador,2022-09-01,2022-09-02,23:00:00,23
Salvador,2022-09-01,2022-09-03,00:00:00,23
Salvador,2022-09-01,2022-09-03,01:00:00,23
Salvador,2022-09-01,2022-09-03,02:00:00,23
Salvador,2022-09-01,2022-09-03,03:00:00,23
Salvador,2022-09-01,2022-09-03,04:00:00,23
Salvador,2022-09-01,2022-09-03,05:00:00,23
Salvador,2022-09-01,2022-09-03,06:00:00,23
Salvador,2022-09-01,2022-09-03,07:00:00,24
Salvador,2022-09-01,2022-09-03,08:00:00,24
Salvador,2022-09-01,2022-09-03,09:00:00,24
Salvador,2022-09-01,2022-09-03,10:00:00,24
Salvador,2022-09-01,2022-09-03,11:00:00,24
Salvador,2022-09-01,2022-09-03,12:00:00,25
Salvador,2022-09-01,2022-09-03,13:00:00,25
Salvador,2022-09-01,2022-09-03,14:00:00,25
Salvador,2022-09-01,2022-09-03,15:00:00,24
Salvador,2022-09-01,2022-09-03,16:00:00,24
Salvador,2022-09-01,2022-09-03,17:00:00,24
Salvador,2022-09-01,2022-09-03,18:00:00,23
Salvador,2022-09-01,2022-09-03,19:00:00,23
Salvador,2022-09-01,2022-09-03,20:00:00,23
Salvador,2022-09-01,2022-09-03,21:00:00,23
Salvador,2022-09-01,2022-09-03,22:00:00,23
Salvador,2022-09-01,2022-09-03,23:00:00,23
